stt,khoi,ma_de,ten_de_tai,job_executor,thuc_trang,pain_point,hau_qua,quyet_dinh_ai,mo_ta_bai_toan,nguon_su_that,xu_ly_mo_ho,gioi_han_tham_quyen,rui_ro_domain,hitl,tech_stack,dau_ra_co_ban,dau_ra_nang_cao,metric_eval,max_team,don_vi_goi_y,learner_fit
1,"DEMO - Demo","DEMO-001","Trợ lý phát hiện đề tài trùng trong kho CSV","Sinh viên","Đang xem kho đề tài mặc định","Có thể trùng với đề tài đã có trong kho","Bỏ sót ý tưởng mới","Đánh dấu đề tài có mã tương tự","So sánh tiêu đề và tag để cảnh báo trùng","CSV kho đề tài","Bỏ qua nếu dữ liệu rỗng","Không tự xóa đề tài","Thấp","Sinh viên tự xác nhận","Python","Danh sách mã nghi trùng","So khớp theo cụm từ","Precision; recall",3,"Lớp học",null
2,"DEMO - Demo","DEMO-002","Tóm tắt nhanh một đề tài CSV","Sinh viên","Mỗi dòng CSV dài, khó đọc","Không có chế độ tóm tắt","Tốn thời gian lướt","Tạo bản tóm tắt 2 dòng","Lấy ma_de, ten_de_tai, pain_point","Dòng CSV","Giữ nguyên nếu thiếu","Không sinh nội dung mới","Thấp","Sinh viên đọc lại","JavaScript","Tóm tắt 2 dòng","Highlight từ khóa","Thời gian đọc",2,"Lớp học",null
3,"RET - Bán lẻ và thương mại","DEMO-RET-01","Cảnh báo kệ trống theo ca cho cửa hàng tạp hóa","Trưởng ca cửa hàng","Theo dõi kệ và điều nhân viên bổ sung hàng","Danh sách bổ sung dựa trên cảm tính","Kệ trống kéo dài, doanh thu giảm","Xếp hạng SKU cần bổ sung trong ca","Tạo danh sách bổ sung hàng ưu tiên theo tốc độ bán và tồn kho","POS, lịch sử bán, tồn kho thời gian thực","Khi tồn mâu thuẫn kiểm kê, đánh dấu cần xác minh","Không tự đặt hàng","Trung bình","Trưởng ca duyệt danh sách","Python; FastAPI; PostgreSQL","Danh sách SKU ưu tiên","Tối ưu tuyến lấy hàng theo khu vực","Precision@K; số phút kệ trống",4,"Cửa hàng tạp hóa, chuỗi bán lẻ",null
4,"EDU - Giáo dục và nghiên cứu","DEMO-EDU-01","Cảnh báo sớm sinh viên có nguy cơ trượt môn","Cố vấn học tập","Tổng hợp điểm và tiến độ bài tập","Dữ liệu rải rác trên nhiều hệ thống","Tăng tỷ lệ trượt và thời gian rà soát","Xếp hạng sinh viên cần liên hệ sớm","Kết hợp điểm thành phần, vắng học và tiến độ nộp bài","LMS, điểm danh, điểm số, lịch sử tư vấn","Thiếu dữ liệu thì hiển thị chưa xác định","Không tự cảnh cáo học vụ","Cao","Cố vấn xác nhận trước khi liên hệ","Python; FastAPI; logistic regression","Danh sách sinh viên cần hỗ trợ","Dự báo nguy cơ theo tuần","Recall; false positive rate",5,"Trường đại học, học viện",null
5,"DATA - Nền tảng dữ liệu","DEMO-DATA-01","Kiểm tra chất lượng dữ liệu trước khi vào dashboard","Kỹ sư dữ liệu","Theo dõi pipeline dữ liệu hàng ngày","Sai lệch phát hiện muộn, báo cáo sai","Quyết định kinh doanh dựa trên dữ liệu lỗi","Xếp hạng bảng cột cần kiểm tra","So sánh profile dữ liệu với baseline, cảnh báo bảng bất thường","Data warehouse, schema, lịch sử pipeline","Khi bảng mới chưa đủ lịch sử, hiển thị độ tin cậy thấp","Không tự sửa hoặc xóa","Cao","Kỹ sư xác nhận","Python; Great Expectations; Airflow","Danh sách bảng bất thường","Liên kết với lần deploy gần nhất","Recall; thời gian phát hiện",5,"Đội data, doanh nghiệp có data warehouse",null
6,"FIN","DEMO-FIN-01","Kiểm tra hóa đơn trùng trước khi thanh toán","Kế toán công nợ phải trả","Đối chiếu hóa đơn với đơn mua","Hóa đơn trùng gây thanh toán hai lần","Thất thoát tài chính, sai báo cáo","Đánh dấu hóa đơn nghi trùng","So khớp số tiền, mã nhà cung cấp và nội dung","ERP, hóa đơn, đơn mua hàng","Khi không đủ metadata thì chuyển sang xác minh thủ công","Không tự hủy hóa đơn","Rất cao","Kế toán xác nhận","Python; rule engine; PostgreSQL","Danh sách hóa đơn nghi trùng","Lịch sử cặp trùng của nhà cung cấp","Precision; thời gian xử lý",4,"Doanh nghiệp có khối lượng hóa đơn lớn",null
7,"HC - Y tế và chăm sóc sức khỏe","DEMO-HC-01","Cảnh báo sớm bệnh nhân nội trú có nguy cơ xấu đi","Bác sĩ điều trị","Theo dõi dấu hiệu sinh tồn và kết quả xét nghiệm","Dữ liệu rải rác, khó nhận diện xu hướng","Bỏ sót bệnh nhân nguy kịch","Xếp hạng bệnh nhân cần can thiệp","Kết hợp dấu hiệu sinh tồn, bệnh nền và lịch sử nhập viện","EMR, monitor, kết quả xét nghiệm","Khi dữ liệu monitor gián đoạn, đánh dấu không đủ cơ sở","Không tự đưa ra phác đồ","Rất cao","Bác sĩ xác nhận","Python; FastAPI; PostgreSQL","Danh sách bệnh nhân nguy cơ","Dự báo xu hướng trong 24 giờ","Recall; thời gian cảnh báo",5,"Bệnh viện đa khoa, khoa hồi sức",null
8,"MFG - Hệ thống sản xuất","DEMO-MFG-01","Dự báo hỏng máy trước khi dừng dây chuyền","Kỹ sư bảo trì","Theo dõi rung động và nhiệt độ máy","Dấu hiệu hỏng phát hiện muộn","Dừng dây chuyền đột ngột, mất sản lượng","Xếp hạng máy cần kiểm tra trước","Phân tích chuỗi thời gian từ cảm biến và log sự cố","SCADA, lịch sử bảo trì, log sự cố","Khi dữ liệu cảm biến thiếu, dùng quy tắc ngưỡng","Không tự tắt máy","Rất cao","Kỹ sư duyệt kế hoạch kiểm tra","Python; PostgreSQL; mô hình chuỗi thời gian","Danh sách máy nguy cơ","Lịch bảo trì tối ưu","Recall; thời gian chạy giữa hai lần hỏng",5,"Nhà máy sản xuất, đội vận hành",null
9,"O2O - Kinh doanh online-to-offline","DEMO-O2O-01","Dự báo nhu cầu giao hàng theo khung giờ","Quản lý vận hành giao hàng","Theo dõi đơn và phân công shipper","Không dự báo được đỉnh điểm","Trễ giao hàng, khách phàn nàn","Xếp hạng khung giờ cần tăng shipper","Phân tích đơn theo khu vực và thời tiết","POS, app đặt đồ ăn, dự báo thời tiết","Khi dữ liệu thời tiết không có, dùng lịch sử","Không tự hủy đơn","Trung bình","Quản lý phân công","Python; FastAPI; LightGBM","Dự báo đơn theo giờ","Tối ưu tuyến giao","MAPE; thời gian giao",4,"Chuỗi đồ ăn, dịch vụ giao hàng",null
10,"BO - Back-office và nghiệp vụ nội bộ","DEMO-BO-01","Phát hiện giao dịch nội bộ bất thường","Kiểm soát viên nội bộ","Đối chiếu chứng từ hàng ngày","Bỏ sót giao dịch khả nghi","Rủi ro gian lận và sai sổ sách","Đánh dấu giao dịch cần xác minh","So khớp số tiền, người duyệt và quy trình","ERP, lịch sử duyệt","Khi thiếu chứng từ, đưa vào danh sách kiểm tra","Không tự hủy giao dịch","Cao","Kiểm soát viên xác nhận","Python; PostgreSQL; rule engine","Danh sách giao dịch nghi ngờ","Giải thích lý do theo quy tắc","Precision; thời gian rà soát",3,"Doanh nghiệp có phòng kiểm soát nội bộ",null
11,"VSOC - An ninh mạng","DEMO-VSOC-01","Phân loại cảnh báo an ninh theo mức độ nguy cơ","Kỹ sư SOC","Thu thập log từ nhiều nguồn","Quá nhiều cảnh báo, dễ bỏ sót","Bỏ sót tấn công thật, phản ứng muộn","Xếp hạng cảnh báo cần xử lý ngay","Kết hợp IOC, lịch sử endpoint và hành vi người dùng","SIEM, EDR, log tường lửa","Khi log thiếu, đánh dấu cần làm giàu","Không tự cách ly máy","Cực kỳ cao","Kỹ sư SOC xác nhận","Python; Elasticsearch; rule engine","Danh sách cảnh báo ưu tiên","Gợi ý bước điều tra tiếp theo","Precision; thời gian phản ứng",5,"Trung tâm SOC, doanh nghiệp có đội an ninh",null
12,"AIP","DEMO-AIP-01","Phân nhóm sự cố khi triển khai mô hình AI","ML Platform Engineer","Thu thập log pipeline suy luận","Nhiều log, khó xác định nguyên nhân","Mỗi sự cố mất hàng giờ để phân loại","Phân nhóm lỗi và đề xuất bước tiếp theo","So khớp log với runbook và incident tương tự","Log CI/CD, model serving, incident history","Khi log chưa đủ, trả trạng thái chưa xác định","Không tự rollback","Cao","ML Platform Engineer xác nhận","Python; FastAPI; OpenTelemetry","Nhóm lỗi và checklist điều tra","So khớp incident tương tự","Accuracy; time-to-triage",4,"Đội phát triển nền tảng AI",null
13,"IT - Hạ tầng IT","DEMO-ITOPS-01","Dự báo dung lượng đĩa cho máy chủ on-premise","Quản trị hệ thống","Theo dõi ổ đĩa thủ công","Đầy đĩa gây gián đoạn dịch vụ","Trễ phát hiện dẫn đến dừng dịch vụ","Dự báo ngày đầy theo từng volume","Phân tích tốc độ tăng trưởng dữ liệu và chu kỳ log","Zabbix; log ứng dụng; lịch sử dung lượng","Khi metric gián đoạn, đánh dấu không đủ dữ liệu","Không tự xóa dữ liệu","Cao","Quản trị viên duyệt kế hoạch","Python; InfluxDB; mô hình chuỗi thời gian","Dự báo ngày đầy","Đề xuất lịch dọn dẹp","MAPE; số lần đầy đĩa",3,"Đội vận hành hạ tầng",null
14,"DEV - AI thiết bị và Edge AI","DEMO-DEV-01","Tối ưu mô hình trên thiết bị biên giới hạn tài nguyên","Kỹ sư embedded AI","Nén và lượng tử hóa mô hình","Mất độ chính xác sau khi nén","Trải nghiệm người dùng kém, hao pin","Đề xuất mức nén phù hợp","So sánh accuracy và latency sau nén","TensorRT, ONNX, benchmark thiết bị","Khi benchmark không đầy đủ, giữ cấu hình an toàn","Không tự deploy","Trung bình","Kỹ sư duyệt cấu hình","Python; ONNX; TensorRT","Cấu hình nén đề xuất","Báo cáo accuracy-latency","Accuracy; latency; pin",4,"Đội phát triển sản phẩm AI trên thiết bị",null
15,"RAV - Robot và xe tự hành","DEMO-RAV-01","Cảnh báo va chạm cho xe tự hành trong kho","Kỹ sư vận hành AGV","Theo dõi cảm biến lidar và camera","Nhận diện vật cản muộn","Va chạm làm hỏng hàng và xe","Xếp hạng vùng có nguy cơ cao","Kết hợp dữ liệu cảm biến và bản đồ kho","Lidar, camera, bản đồ SLAM","Khi cảm biến lỗi, chuyển sang chế độ an toàn","Không tự ghi đè điều khiển","Cực kỳ cao","Kỹ sư vận hành xác nhận","Python; ROS; mô hình nhận diện","Cảnh báo vùng nguy cơ","Đề xuất tuyến thay thế","Recall; số lần va chạm",5,"Kho hàng tự động, nhà máy thông minh",null
16,"VFO","DEMO-VFO-01","Đánh giá hồ sơ vay tiêu dùng nhanh","Chuyên viên tín dụng","Đối chiếu chứng từ và lịch sử tín dụng","Bỏ sót hồ sơ rủi ro cao","Tăng tỷ lệ nợ xấu","Đánh dấu hồ sơ cần xem xét","Kết hợp thu nhập, nghề nghiệp và lịch sử thanh toán","Hệ thống tín dụng, hồ sơ khách hàng","Khi dữ liệu thu nhập thiếu, yêu cầu bổ sung","Không tự duyệt khoản vay","Rất cao","Chuyên viên xác nhận","Python; FastAPI; rule engine","Danh sách hồ sơ nghi ngờ","Giải thích lý do theo quy tắc","Precision; thời gian duyệt",4,"Công ty tài chính tiêu dùng, ngân hàng",null
17,"VHR - Bất động sản và ứng dụng cư dân","DEMO-VHR-01","Cảnh báo cư dân chậm đóng phí quản lý","Ban quản lý tòa nhà","Theo dõi công nợ hàng tháng","Khó nhận diện sớm","Ảnh hưởng ngân sách vận hành","Xếp hạng căn hộ cần nhắc nhở","Kết hợp lịch sử thanh toán và thông báo trước","Phần mềm quản lý, lịch sử thanh toán","Khi dữ liệu tháng trước chưa đối chiếu, hiển thị chưa xác định","Không tự phong tỏa thẻ","Trung bình","Ban quản lý duyệt","Python; rule engine","Danh sách căn hộ cần nhắc","Gợi ý kênh liên lạc","Precision; tỷ lệ thu hồi",3,"Ban quản lý tòa nhà, chung cư",null
18,"SC","DEMO-SC-01","Tối ưu lịch giao hàng cho xe tải đa điểm","Điều phối vận tải","Lên lịch thủ công theo kinh nghiệm","Trễ giao và tăng chi phí xăng","Trải nghiệm khách kém","Đề xuất thứ tự giao","Giải bài toán tuyến với ràng buộc cửa sổ thời gian","Đơn hàng, lịch xe, khoảng cách","Khi dữ liệu giao thông thiếu, dùng quy tắc giờ cao điểm","Không tự hủy chuyến","Trung bình","Điều phối viên xác nhận","Python; OR-Tools; FastAPI","Lịch trình đề xuất","So sánh nhiều phương án","Chi phí; thời gian giao",5,"Công ty vận tải, chuỗi phân phối",null
19,"PTNT","DEMO-PTNT-01","Tưới nước tự động theo độ ẩm đất và dự báo thời tiết","Kỹ sư nông nghiệp","Theo dõi cảm biến độ ẩm và lịch thời tiết","Tưới theo lịch cố định, lãng phí nước","Cây thiếu nước hoặc úng","Đề xuất khung giờ tưới","So sánh độ ẩm thực tế với ngưỡng và dự báo mưa","Cảm biến IoT, API thời tiết, lịch canh tác","Khi cảm biến lỗi, giữ lịch an toàn","Không tự bật van khi mất liên lạc","Trung bình","Kỹ sư duyệt","Python; MQTT; PostgreSQL","Khung giờ tưới đề xuất","Báo cáo lượng nước tiết kiệm","Lượng nước; sản lượng",4,"Trang trại thông minh, hợp tác xã",null
20,"DEMO - Demo","DEMO-003","Trợ lý xếp lịch họp nhóm theo múi giờ","Sinh viên","Lên lịch nhóm nhiều thành viên ở các vùng","Mỗi người rảnh khung khác nhau","Trễ buổi họp, mất phối hợp","Đề xuất khung giờ chung","Gom các khung rảnh giao nhau","Lịch cá nhân từng thành viên","Khi một người chưa cập nhật lịch, đánh dấu chưa chắc chắn","Không tự đặt lịch khi chưa xác nhận","Thấp","Sinh viên tự duyệt","JavaScript","Khung giờ đề xuất","Gợi ý người cần xác nhận","Số lần trễ họp",3,"Nhóm sinh viên làm đồ án",null